{
    "subjects" : [
                  {
                      "rating" : {
                          "stars" : "50",
                          "average" : 9.5,
                          "min" : 0,
                          "max" : 10
                      },
                      "collect_count" : 659005,
                      "images" : {
                          "small" : "http:\/\/img3.douban.com\/view\/photo\/icon\/public\/p480747492.jpg",
                          "large" : "http:\/\/img3.douban.com\/view\/movie_poster_cover\/lpst\/public\/p480747492.jpg",
                          "medium" : "http:\/\/img3.douban.com\/view\/movie_poster_cover\/spst\/public\/p480747492.jpg"
                       },
                      "id" : "1292052",
                      "alt" : "http:\/\/movie.douban.com\/subject\/1292052\/",
                      "title" : "肖申克的救赎",
                      "subtype" : "movie",
                      "year" : "1994",
                      "original_title" : "The Shawshank Redemption"
                  },
                  {
                  "rating" : {
                  "stars" : "50",
                  "average" : 9.4,
                  "min" : 0,
                  "max" : 10
                  },
                  "collect_count" : 628302,
                  "images" : {
                  "small" : "http:\/\/img4.douban.com\/spic\/s3877058.jpg",
                  "large" : "http:\/\/img4.douban.com\/lpic\/s3877058.jpg",
                  "medium" : "http:\/\/img4.douban.com\/mpic\/s3877058.jpg"
                  },
                  "id" : "1295644",
                  "alt" : "http:\/\/movie.douban.com\/subject\/1295644\/",
                  "title" : "这个杀手不太冷",
                  "subtype" : "movie",
                  "year" : "1994",
                  "original_title" : "Léon"
                  },
                  {
                  "rating" : {
                  "stars" : "50",
                  "average" : 9.300000000000001,
                  "min" : 0,
                  "max" : 10
                  },
                  "collect_count" : 590194,
                  "images" : {
                  "small" : "http:\/\/img3.douban.com\/spic\/s4008884.jpg",
                  "large" : "http:\/\/img3.douban.com\/lpic\/s4008884.jpg",
                  "medium" : "http:\/\/img3.douban.com\/mpic\/s4008884.jpg"
                  },
                  "id" : "1292720",
                  "alt" : "http:\/\/movie.douban.com\/subject\/1292720\/",
                  "title" : "阿甘正传",
                  "subtype" : "movie",
                  "year" : "1994",
                  "original_title" : "Forrest Gump"
                  },
                  {
                  "rating" : {
                  "stars" : "50",
                  "average" : 9.4,
                  "min" : 0,
                  "max" : 10
                  },
                  "collect_count" : 439650,
                  "images" : {
                  "small" : "http:\/\/img3.douban.com\/view\/photo\/icon\/public\/p1910813120.jpg",
                  "large" : "http:\/\/img3.douban.com\/view\/movie_poster_cover\/lpst\/public\/p1910813120.jpg",
                  "medium" : "http:\/\/img3.douban.com\/view\/movie_poster_cover\/spst\/public\/p1910813120.jpg"
                  },
                  "id" : "1291546",
                  "alt" : "http:\/\/movie.douban.com\/subject\/1291546\/",
                  "title" : "霸王别姬",
                  "subtype" : "movie",
                  "year" : "1993",
                  "original_title" : "霸王别姬"
                  },
                  {
                  "rating" : {
                  "stars" : "50",
                  "average" : 9.199999999999999,
                  "min" : 0,
                  "max" : 10
                  },
                  "collect_count" : 592663,
                  "images" : {
                  "small" : "http:\/\/img3.douban.com\/spic\/s4356687.jpg",
                  "large" : "http:\/\/img3.douban.com\/lpic\/s4356687.jpg",
                  "medium" : "http:\/\/img3.douban.com\/mpic\/s4356687.jpg"
                  },
                  "id" : "3541415",
                  "alt" : "http:\/\/movie.douban.com\/subject\/3541415\/",
                  "title" : "盗梦空间",
                  "subtype" : "movie",
                  "year" : "2010",
                  "original_title" : "Inception"
                  },
                  {
                  "rating" : {
                  "stars" : "45",
                  "average" : 9.1,
                  "min" : 0,
                  "max" : 10
                  },
                  "collect_count" : 497073,
                  "images" : {
                  "small" : "http:\/\/img3.douban.com\/spic\/s1488647.jpg",
                  "large" : "http:\/\/img3.douban.com\/lpic\/s1488647.jpg",
                  "medium" : "http:\/\/img3.douban.com\/mpic\/s1488647.jpg"
                  },
                  "id" : "1292001",
                  "alt" : "http:\/\/movie.douban.com\/subject\/1292001\/",
                  "title" : "海上钢琴师",
                  "subtype" : "movie",
                  "year" : "1998",
                  "original_title" : "La leggenda del pianista sull'oceano"
                  },
                  {
                  "rating" : {
                  "stars" : "50",
                  "average" : 9.4,
                  "min" : 0,
                  "max" : 10
                  },
                  "collect_count" : 300822,
                  "images" : {
                  "small" : "http:\/\/img3.douban.com\/view\/photo\/icon\/public\/p510863070.jpg",
                  "large" : "http:\/\/img3.douban.com\/view\/movie_poster_cover\/lpst\/public\/p510863070.jpg",
                  "medium" : "http:\/\/img3.douban.com\/view\/movie_poster_cover\/spst\/public\/p510863070.jpg"
                  },
                  "id" : "1292063",
                  "alt" : "http:\/\/movie.douban.com\/subject\/1292063\/",
                  "title" : "美丽人生",
                  "subtype" : "movie",
                  "year" : "1997",
                  "original_title" : "La vita è bella"
                  },
                  {
                  "rating" : {
                  "stars" : "45",
                  "average" : 9.1,
                  "min" : 0,
                  "max" : 10
                  },
                  "collect_count" : 471367,
                  "images" : {
                  "small" : "http:\/\/img5.douban.com\/spic\/s4433349.jpg",
                  "large" : "http:\/\/img5.douban.com\/lpic\/s4433349.jpg",
                  "medium" : "http:\/\/img5.douban.com\/mpic\/s4433349.jpg"
                  },
                  "id" : "3793023",
                  "alt" : "http:\/\/movie.douban.com\/subject\/3793023\/",
                  "title" : "三傻大闹宝莱坞",
                  "subtype" : "movie",
                  "year" : "2009",
                  "original_title" : "3 Idiots"
                  },
                  {
                  "rating" : {
                  "stars" : "50",
                  "average" : 9.300000000000001,
                  "min" : 0,
                  "max" : 10
                  },
                  "collect_count" : 298025,
                  "images" : {
                  "small" : "http:\/\/img3.douban.com\/spic\/s1458414.jpg",
                  "large" : "http:\/\/img3.douban.com\/lpic\/s1458414.jpg",
                  "medium" : "http:\/\/img3.douban.com\/mpic\/s1458414.jpg"
                  },
                  "id" : "1295124",
                  "alt" : "http:\/\/movie.douban.com\/subject\/1295124\/",
                  "title" : "辛德勒的名单",
                  "subtype" : "movie",
                  "year" : "1993",
                  "original_title" : "Schindler's List"
                  },
                  {
                  "rating" : {
                  "stars" : "45",
                  "average" : 9.1,
                  "min" : 0,
                  "max" : 10
                  },
                  "collect_count" : 350375,
                  "images" : {
                  "small" : "http:\/\/img3.douban.com\/view\/photo\/icon\/public\/p1910824951.jpg",
                  "large" : "http:\/\/img3.douban.com\/view\/movie_poster_cover\/lpst\/public\/p1910824951.jpg",
                  "medium" : "http:\/\/img3.douban.com\/view\/movie_poster_cover\/spst\/public\/p1910824951.jpg"
                  },
                  "id" : "1291549",
                  "alt" : "http:\/\/movie.douban.com\/subject\/1291549\/",
                  "title" : "放牛班的春天",
                  "subtype" : "movie",
                  "year" : "2004",
                  "original_title" : "Les choristes"
                  }
                  ],
    "title" : "豆瓣电影Top250",
    "count" : 10,
    "total" : 250,
    "start" : 0
}